Model,Accuracy@0.5,F1@0.5,Precision,Recall,ROC_AUC,BestThreshold,F1@Best
Early Risk,0.7800276115968707,0.4989517819706499,0.49173553719008267,0.5063829787234042,0.7867223603458784,0.34999999999999987,0.5134649910233393
Final Outcome,0.9116428900138058,0.9092341632524424,0.8825328846742123,0.937601559961001,0.976610546241283,0.46999999999999986,0.9109096592685214
