Model,Accuracy@0.5,F1@0.5,Precision,Recall,ROC_AUC,BestThreshold,F1@Best
Early Risk,0.8849516797054763,0.88577520560463,0.9308578745198464,0.8448576409064498,0.9565643921075128,0.3599999999999999,0.8867951877083635
Final Outcome,0.9107225034514496,0.9087488240827846,0.8779157830960315,0.9418264543386415,0.9757509040193809,0.5599999999999997,0.9097888675623801
