Model,Accuracy@0.5,F1@0.5,Precision,Recall,ROC_AUC,BestThreshold,F1@Best
Early Risk,0.8829575088203713,0.8841657810839533,0.9259141494435612,0.8460197559558397,0.9536023583721853,0.4099999999999998,0.8848252470137148
Final Outcome,0.9104157079306642,0.908089392508656,0.8803783948733598,0.937601559961001,0.975711531093187,0.5099999999999998,0.9091195960870937
